{
  "token_acc": 0.9989751998,
  "tag_acc": 0.933608035,
  "pos_acc": 0.9621426732,
  "morph_acc": 0.9546532,
  "lemma_acc": 0.9021420866,
  "dep_uas": 0.8799907418,
  "dep_las": 0.8399190049,
  "sents_p": 0.8387850467,
  "sents_r": 0.8884603275,
  "sents_f": 0.8547619048,
  "speed": 5086.6204888759,
  "morph_per_feat": {
    "Definite": {
      "p": 0.9861415026,
      "r": 0.9861415026,
      "f": 0.9861415026
    },
    "Number": {
      "p": 0.9923033602,
      "r": 0.9796145293,
      "f": 0.9859181199
    },
    "PronType": {
      "p": 0.9942159383,
      "r": 0.9891304348,
      "f": 0.9916666667
    },
    "Gender": {
      "p": 0.974713243,
      "r": 0.9661498708,
      "f": 0.9704126655
    },
    "Mood": {
      "p": 0.9650092081,
      "r": 0.9307282416,
      "f": 0.9475587703
    },
    "Person": {
      "p": 0.9831168831,
      "r": 0.9510050251,
      "f": 0.9667943806
    },
    "Tense": {
      "p": 0.9491701245,
      "r": 0.9346271706,
      "f": 0.9418425116
    },
    "VerbForm": {
      "p": 0.9621848739,
      "r": 0.9478476821,
      "f": 0.9549624687
    },
    "NumType": {
      "p": 0.9894366197,
      "r": 0.9689655172,
      "f": 0.9790940767
    },
    "Reflex": {
      "p": 0.9777777778,
      "r": 1.0,
      "f": 0.9887640449
    },
    "Voice": {
      "p": 0.8739495798,
      "r": 0.9285714286,
      "f": 0.9004329004
    },
    "Poss": {
      "p": 1.0,
      "r": 1.0,
      "f": 1.0
    },
    "Polarity": {
      "p": 1.0,
      "r": 0.9882352941,
      "f": 0.9940828402
    }
  },
  "dep_las_per_type": {
    "det": {
      "p": 0.9676898223,
      "r": 0.9669087974,
      "f": 0.9672991522
    },
    "nsubj": {
      "p": 0.8564231738,
      "r": 0.8192771084,
      "f": 0.8374384236
    },
    "aux:tense": {
      "p": 0.9512195122,
      "r": 0.936,
      "f": 0.9435483871
    },
    "root": {
      "p": 0.8438228438,
      "r": 0.8786407767,
      "f": 0.8608799049
    },
    "obj": {
      "p": 0.8323170732,
      "r": 0.8100890208,
      "f": 0.8210526316
    },
    "cc": {
      "p": 0.8909090909,
      "r": 0.9032258065,
      "f": 0.8970251716
    },
    "case": {
      "p": 0.9589225589,
      "r": 0.970027248,
      "f": 0.9644429394
    },
    "obl:mod": {
      "p": 0.6426332288,
      "r": 0.6101190476,
      "f": 0.6259541985
    },
    "nmod": {
      "p": 0.8099331423,
      "r": 0.8463073852,
      "f": 0.8277208394
    },
    "conj": {
      "p": 0.503875969,
      "r": 0.5118110236,
      "f": 0.5078125
    },
    "nummod": {
      "p": 0.9350649351,
      "r": 0.8571428571,
      "f": 0.8944099379
    },
    "amod": {
      "p": 0.880733945,
      "r": 0.8759124088,
      "f": 0.8783165599
    },
    "acl": {
      "p": 0.656626506,
      "r": 0.6300578035,
      "f": 0.6430678466
    },
    "mark": {
      "p": 0.8873239437,
      "r": 0.8325991189,
      "f": 0.8590909091
    },
    "xcomp": {
      "p": 0.7612903226,
      "r": 0.7814569536,
      "f": 0.7712418301
    },
    "flat:name": {
      "p": 0.8571428571,
      "r": 0.9142857143,
      "f": 0.8847926267
    },
    "cop": {
      "p": 0.8539325843,
      "r": 0.8444444444,
      "f": 0.8491620112
    },
    "advmod": {
      "p": 0.8150470219,
      "r": 0.8150470219,
      "f": 0.8150470219
    },
    "obl:arg": {
      "p": 0.682464455,
      "r": 0.6545454545,
      "f": 0.6682134571
    },
    "appos": {
      "p": 0.511627907,
      "r": 0.5301204819,
      "f": 0.5207100592
    },
    "nsubj:pass": {
      "p": 0.8395061728,
      "r": 0.8,
      "f": 0.8192771084
    },
    "aux:pass": {
      "p": 0.9224137931,
      "r": 0.9553571429,
      "f": 0.9385964912
    },
    "acl:relcl": {
      "p": 0.6913580247,
      "r": 0.6511627907,
      "f": 0.6706586826
    },
    "advcl": {
      "p": 0.4868421053,
      "r": 0.4743589744,
      "f": 0.4805194805
    },
    "fixed": {
      "p": 0.7281553398,
      "r": 0.7425742574,
      "f": 0.7352941176
    },
    "dep": {
      "p": 0.2352941176,
      "r": 0.3870967742,
      "f": 0.2926829268
    },
    "expl:subj": {
      "p": 0.7428571429,
      "r": 0.8125,
      "f": 0.776119403
    },
    "expl:comp": {
      "p": 0.6829268293,
      "r": 0.9333333333,
      "f": 0.7887323944
    },
    "expl:pass": {
      "p": 0.3333333333,
      "r": 0.1428571429,
      "f": 0.2
    },
    "obl:agent": {
      "p": 0.825,
      "r": 0.7857142857,
      "f": 0.8048780488
    },
    "ccomp": {
      "p": 0.7608695652,
      "r": 0.6862745098,
      "f": 0.7216494845
    },
    "parataxis": {
      "p": 0.5789473684,
      "r": 0.3928571429,
      "f": 0.4680851064
    },
    "iobj": {
      "p": 0.65,
      "r": 0.52,
      "f": 0.5777777778
    },
    "nsubj:caus": {
      "p": 0.0,
      "r": 0.0,
      "f": 0.0
    },
    "aux:caus": {
      "p": 0.0,
      "r": 0.0,
      "f": 0.0
    },
    "obj:agent": {
      "p": 0.0,
      "r": 0.0,
      "f": 0.0
    },
    "goeswith": {
      "p": 0.0,
      "r": 0.0,
      "f": 0.0
    },
    "vocative": {
      "p": 1.0,
      "r": 0.5,
      "f": 0.6666666667
    },
    "dislocated": {
      "p": 0.0,
      "r": 0.0,
      "f": 0.0
    },
    "flat:foreign": {
      "p": 0.0,
      "r": 0.0,
      "f": 0.0
    },
    "orphan": {
      "p": 0.0,
      "r": 0.0,
      "f": 0.0
    },
    "advcl:cleft": {
      "p": 0.0,
      "r": 0.0,
      "f": 0.0
    },
    "csubj": {
      "p": 0.0,
      "r": 0.0,
      "f": 0.0
    }
  },
  "ents_p": 0.8184568225,
  "ents_r": 0.812297346,
  "ents_f": 0.8153654518,
  "ents_per_type": {
    "LOC": {
      "p": 0.8295020747,
      "r": 0.8362335815,
      "f": 0.8328542266
    },
    "PER": {
      "p": 0.8716040716,
      "r": 0.8895894533,
      "f": 0.8805049287
    },
    "ORG": {
      "p": 0.7616580311,
      "r": 0.729389313,
      "f": 0.745174498
    },
    "MISC": {
      "p": 0.6998232364,
      "r": 0.6349322059,
      "f": 0.6658003363
    }
  }
}